,College Name,Email
0,"Iowa Lakes Community College
","['wmiller@iowalakes.edu']
"
1,"Ogeechee Technical College
","['info@ogeecheetech.edu']
"
2,"Santa Rosa Junior College
","['dharden@santarosa.edu']
"
3,"Tennessee College of Applied Technology - Dickson
","['rives@tcatdickson.edu', 'admissions@tcatdickson.edu', 'financialaid@tcatdickson.edu', 'workforce@tcatdickson.edu', 'veterans@tcatdickson.edu']
"
4,"New Mexico Junior College
","['ashook@nmjc.edu']
"
5,"Lorenzo Walker Institute of Technology
","['LWTC@collierschools.com']
"
6,"Northeast Alabama Community College
","['hesterj@nacc.edu', 'masseyj@nacc.edu', 'millerb@nacc.edu']
"
7,"Mid-Plains Community College
","['info@mpcc.edu']
"
8,"Sarasota County Technical Institute
","['info@sarasotacountyschools.net', 'hritz@sarasotacountyschools.net', 'saul@sarasotacountyschools.net']
"
9,"Nicolet College
","['webmaster@nicoletcollege.edu', 'inquire@nicoletcollege.edu']
"
10,"Hutchinson Community College
","['marketing@hutchcc.edu', 'info@hutchcc.edu']
"
11,"De Anza College
","['papemary@deanza.edu', 'trantrisha@fhda.edu']
"
12,"Barstow Community College
","['info@barstow.edu', 'ftirwin@barstow.edu']
"
13,"Tennessee College of Applied Technology - Shelbyville
","['admissions@tcatshelbyville.edu', 'financialaid@tcatshelbyville.edu', 'workforce@tcatshelbyville.edu', 'veterans@tcatshelbyville.edu']
"
14,"Lincoln Land Community College
","['info@llcc.edu']
"
15,"Oakton Community College
","['websupport@oakton.edu', 'websupport@oakton.edu']
"
16,"Dakota County Technical College
","['lisa.ash@dctc.edu', 'betty.krueger@dctc.edu', 'judy.suddendorf@dctc.edu', 'nathan.blommel@dctc.edu', 'austin.allman@dctc.edu', 'chad.neuharth@dctc.edu']
"
17,"Montgomery College
","['cs@montgomerycollege.edu', 'engineeringprogram@montgomerycollege.edu', 'MCCyberAdvising@montgomerycollege.edu', 'networkingprogram@montgomerycollege.edu']
"
18,"Southern Arkansas University Tech
","['dacharya@sautech.edu']
"
19,"South Georgia Technical College
","['aingram@southgatech.edu']
"
20,"Lamar Institute of Technology
","['webmaster@lamar.edu']
"
21,"GateWay Community College
","['enroll@gatewaycc.edu', 'rice@gatewaycc.edu']
"
22,"San Antonio College
","['ttouchette@alamo.edu', 'portega@alamo.edu', 'lgarcia2@alamo.edu', 'dacosta4@alamo.edu', 'razuaje@alamo.edu', 'acardena1@alamo.edu', 'tfreese@alamo.edu', 'portega@alamo.edu', 'sjiang@alamo.edu', 'djoseph@alamo.edu', 'skolars@alamo.edu', 'mmatuszek@alamo.edu']
"
23,"Tennessee College of Applied Technology - Elizabethton
","['franklin@tcatelizabethton.edu', 'admissions@tcatelizabethton.edu', 'financialaid@tcatelizabethton.edu', 'workforce@tcatelizabethton.edu', 'veterans@tcatelizabethton.edu']
"
24,"Eastern Arizona College
","['James.McBride@eac.edu', 'michael.fox@eac.edu', 'admissions@eac.edu']
"
25,"Chippewa Valley Technical College
","['servicedesk@cvtc.edu', 'therightchoice@cvtc.edu']
"
26,"Howard Community College
","['DHDivisionoffice@howardcc.edu']
"
27,"Alexandria Technical & Community College
","['go@alextech.edu']
"
28,"Tennessee College of Applied Technology - Newbern
","['admissions@tcatnewbern.edu', 'financialaid@tcatnewbern.edu', 'workforce@tcatnewbern.edu', 'veterans@tcatnewbern.edu']
"
29,"Northeast Wisconsin Technical College
","['web.team@nwtc.edu']
"
30,"Orange Coast College
","['gernsberger@occ.cccd.edu']
"
31,"Thaddeus Stevens College of Technology
","['admissions@stevenscollege.edu']
"
32,"Elgin Community College
","['AccessECC@elgin.edu']
"
33,"Amarillo College
","['askac@actx.edu']
"
34,"Lake Land College
","['hnohren@lakelandcollege.edu']
"
35,"Kapi'olani Community College
","['kccstem@hawaii.edu']
"
36,"John Wood Community College
","['admissions@jwcc.edu']
"
37,"Northern Oklahoma College
","['kathleen.swain@noc.edu']
"
38,"North Dakota State College of Science
","['kathleen.t.cox@ndsu.edu']
"
39,"SOWELA Technical Community College
","['info@sowela.edu', 'anyanwu@sowela.edu', 'fabian@sowela.edu']
"
40,"Southeast Technical Institute
","['admissions@southeasttech.edu']
"
41,"State Technical College of Missouri
","['info@statetechmo.edu']
"
42,"Wallace Community College - Dothan
","['dsmith@wallace.edu', 'mkelly@wallace.edu']
"
43,"Southwest Mississippi Community College
","['jlea@smcc.edu', 'jlea@smcc.edu']
"
44,"University of South Carolina Sumter
","['suadmiss@uscsumter.edu']
"
45,"Southwest Wisconsin Technical College
","['visit@swtc.edu']
"
46,"Holmes Community College
","['mpawlik@holmescc.edu', 'compliance@holmescc.edu']
"
47,"Northwest Vista College
","['nvc-admissions@alamo.edu']
"
48,"San Jacinto College
","['information@sjcd.edu', 'Sandra.Ramirez@sjcd.edu']
"
49,"Marion Military Institute
","['eallison@marionmilitary.edu', 'jallison@marionmilitary.edu', 'kbrown@marionmilitary.edu', 'lbrown@marionmilitary.edu', 'bcastro@marionmilitary.edu', 'bcook@marionmilitary.edu', 'cdeason@marionmilitary.edu', 'mdoyle@marionmilitary.edu', 'tgatlin@marionmilitary.edu', 'mgimenez@marionmilitary.edu', 'mhodge@marionmilitary.edu', 'chughes@marionmilitary.edu', 'divey@marionmilitary.edu', 'gjohnson@marionmilitary.edu', 'cjones@marionmilitary.edu', 'pmccormick@marionmilitary.edu', 'cmeisenheimer@marionmilitary.edu', 'epainter@marionmilitary.edu', 'npeacock@marionmilitary.edu', 'aplummer@marionmilitary.edu', 'jroche@marionmilitary.edu', 'rsherling@marionmilitary.edu', 'dspewak@marionmilitary.edu', 'jspinks@marionmilitary.edu', 'bStiefel@marionmilitary.edu', 'jstone@marionmilitary.edu', 'bthomason@marionmilitary.edu', 'bwalters@marionmilitary.edu', 'xyang@marionmilitary.edu']
"
50,"Western Technical College
","['LearningCommons@westerntc.edu', 'AccessServices@westerntc.edu']
"
51,"North Central Kansas Technical College
","['cisbell@ncktc.edu']
"
52,"Manatee Technical Institute
","['parrishm@manateeschools.net']
"
53,"Charlotte Technical Center - Adult Education
","['lisa.fair@yourcharlotteschools.net']
"
54,"Mitchell Technical College
","['questions@mitchelltech.edu']
"
55,"White Mountains Community College
","['wmcc@ccsnh.edu']
"
56,"Ohio State University Agricultural Technical Institute
","['ati@osu.edu']
"
57,"Western Iowa Tech Community College
","['info@witcc.edu']
"
58,"New Mexico Military Institute
","['admissions@nmmi.edu']
"
